{
    "acc_tanh": 0.9777777791023254,
    "acc_lin": 0.9555555582046509,
    "acc_sigm": 0.9333333373069763,
    "step": 0
}
