кол-во потоков,static-1,static-300,static-500,static-1000,dynamic-1,dynamic-300,dynamic-500,dynamic-1000,guided-1,guided-300,guided-500,guided-1000,
1,541.024000,375.847000,392.172000,515.159000,455.566000,591.419000,674.983000,369.482000,370.975000,379.441000,366.488000,372.023000,
2,470.898000,282.764000,368.733000,562.807000,374.261000,327.449000,215.289000,407.116000,283.838000,277.509000,244.702000,620.777000,
3,581.364000,262.358000,365.194000,869.964000,278.935000,303.977000,216.925000,396.251000,212.289000,248.658000,367.160000,463.319000,
4,444.459000,253.427000,472.186000,1050.389000,200.593000,308.164000,326.283000,586.642000,214.842000,316.615000,324.342000,602.246000,
5,664.386000,339.152000,482.877000,597.542000,154.526000,211.395000,324.504000,553.919000,171.533000,278.792000,429.442000,555.359000,
6,912.066000,276.733000,411.025000,550.863000,131.286000,194.797000,270.733000,520.968000,158.008000,190.791000,288.217000,531.447000,
7,935.192000,306.721000,419.688000,556.217000,145.716000,306.184000,387.732000,511.693000,147.396000,261.391000,383.927000,535.733000,
8,1754.837000,209.574000,273.960000,537.827000,133.230000,295.665000,316.258000,504.363000,142.396000,250.007000,309.983000,615.700000,
